Central,Laço,Endereço,Tipo de Dispositivo,Setor,Crogograma de Instalação
Central 1 - Portaria Principal,1,1,Acionador,Portaria,
Central 1 - Portaria Principal,1,2,Acionador,Corredor ADM,
Central 1 - Portaria Principal,1,3,Acionador,Lavanderia,
Central 1 - Portaria Principal,1,4,Acionador,Sala de Treinamentos,
Central 1 - Portaria Principal,1,5,Acionador,Gerência/Chefes,
Central 1 - Portaria Principal,1,6,Acionador,Recepção Gerência/Chefe,
Central 1 - Portaria Principal,1,7,Acionador,Portaria Logística,
Central 1 - Portaria Principal,1,93,Sirene,Portaria,
Central 1 - Portaria Principal,1,94,Sirene,Corredor ADM,
Central 1 - Portaria Principal,1,95,Sirene,Lavanderia,
Central 1 - Portaria Principal,1,96,Sirene,Sala de Treinamentos,
Central 1 - Portaria Principal,1,97,Sirene,Gerência/Chefes,
Central 1 - Portaria Principal,1,98,Sirene,Recepção Gerência/Chefe,
Central 1 - Portaria Principal,1,99,Sirene,Portaria Logística,
Central 2 - Escritório de Logística,1,1,Acionador,Galpão Logística - Ampliação Fase 1 (Lateral Docas),
Central 2 - Escritório de Logística,1,2,Acionador,Galpão Logística - Ampliação Fase 1 (Lateral Docas),
Central 2 - Escritório de Logística,1,3,Acionador,Galpão Logística - Ampliação Fase 1 (Lateral Docas),
Central 2 - Escritório de Logística,1,4,Acionador,Galpão Logística (Lateral a Paletização),
Central 2 - Escritório de Logística,1,5,Acionador,Galpão Logística (Lateral a Área Externa),
Central 2 - Escritório de Logística,1,6,Acionador,Próximo a Sala de Baterias,
Central 2 - Escritório de Logística,1,7,Acionador,Galpão Logística - Ampliação Fase 2 (Lateral Sala de Baterias),
Central 2 - Escritório de Logística,1,8,Acionador,Armazém de Paletização Logística,
Central 2 - Escritório de Logística,1,9,Acionador,Corredor Logística,
Central 2 - Escritório de Logística,1,10,Acionador,Corredor Logística,
Central 2 - Escritório de Logística,1,11,Acionador,Oficina Mecânica,
Central 2 - Escritório de Logística,1,12,Acionador,Sala de Ar Comprimido e Gás Inerte,
Central 2 - Escritório de Logística,1,13,Acionador,Depósito UHT,
Central 2 - Escritório de Logística,1,14,Acionador,Produto Químico,
Central 2 - Escritório de Logística,1,15,Acionador,Galpão Pista,
Central 2 - Escritório de Logística,1,16,Módulo de Acionamento Detector Linear ,Galpão Logística (Lateral a Paletização),
Central 2 - Escritório de Logística,1,17,Módulo de Falha Detector Linear,Galpão Logística (Lateral a Paletização),
Central 2 - Escritório de Logística,1,18,Módulo de Acionamento Detector Linear,Galpão Logística (Lateral a Paletização),
Central 2 - Escritório de Logística,1,19,Módulo de Falha Detector Linear,Galpão Logística (Lateral a Paletização),
Central 2 - Escritório de Logística,1,20,Módulo de Acionamento Detector Linear,Galpão Logística (Lateral a Paletização),
Central 2 - Escritório de Logística,1,21,Módulo de Falha Detector Linear,Galpão Logística (Lateral a Paletização),
Central 2 - Escritório de Logística,1,22,Módulo de Acionamento Detector Linear,Galpão Logística (Lateral a Paletização),
Central 2 - Escritório de Logística,1,23,Módulo de Falha Detector Linear,Galpão Logística (Lateral a Paletização),
Central 2 - Escritório de Logística,1,24,Módulo de Acionamento Detector Linear,Galpão Logística (Lateral a Paletização),
Central 2 - Escritório de Logística,1,25,Módulo de Falha Detector Linear,Galpão Logística (Lateral a Paletização),
Central 2 - Escritório de Logística,1,26,Módulo de Acionamento Detector Linear,Galpão Logística (Lateral a Paletização),
Central 2 - Escritório de Logística,1,27,Módulo de Falha Detector Linear,Galpão Logística (Lateral a Paletização),
Central 2 - Escritório de Logística,1,28,Módulo de Acionamento Detector Linear,Galpão Logística (Lateral a Área Externa),
Central 2 - Escritório de Logística,1,29,Módulo de Falha Detector Linear,Galpão Logística (Lateral a Área Externa),
Central 2 - Escritório de Logística,1,30,Módulo de Acionamento Detector Linear,Galpão Logística (Lateral a Área Externa),
Central 2 - Escritório de Logística,1,31,Módulo de Falha Detector Linear,Galpão Logística (Lateral a Área Externa),
Central 2 - Escritório de Logística,1,32,Módulo de Acionamento Detector Linear,Galpão Logística (Lateral a Área Externa),
Central 2 - Escritório de Logística,1,33,Módulo de Falha Detector Linear,Galpão Logística (Lateral a Área Externa),
Central 2 - Escritório de Logística,1,34,Módulo de Acionamento Detector Linear,Galpão Logística (Lateral a Área Externa),
Central 2 - Escritório de Logística,1,35,Módulo de Falha Detector Linear,Galpão Logística (Lateral a Área Externa),
Central 2 - Escritório de Logística,1,36,Módulo de Acionamento Detector Linear,Galpão Logística (Lateral a Área Externa),
Central 2 - Escritório de Logística,1,37,Módulo de Falha Detector Linear,Galpão Logística (Lateral a Área Externa),
Central 2 - Escritório de Logística,1,38,Módulo de Acionamento Detector Linear,Galpão Logística (Lateral a Área Externa),
Central 2 - Escritório de Logística,1,39,Módulo de Falha Detector Linear,Galpão Logística (Lateral a Área Externa),
Central 2 - Escritório de Logística,1,40,Detector de Fumaça Pontual,Galpão Logística - Ampliação Fase 1 (Lateral Docas),
Central 2 - Escritório de Logística,1,41,Detector de Fumaça Pontual,Galpão Logística - Ampliação Fase 1 (Lateral Docas),
Central 2 - Escritório de Logística,1,42,Detector de Fumaça Pontual,Galpão Logística - Ampliação Fase 1 (Lateral Docas),
Central 2 - Escritório de Logística,1,43,Detector de Fumaça Pontual,Galpão Logística - Ampliação Fase 1 (Lateral Docas),
Central 2 - Escritório de Logística,1,44,Detector de Fumaça Pontual,Galpão Logística - Ampliação Fase 1 (Lateral Docas),
Central 2 - Escritório de Logística,1,45,Detector de Fumaça Pontual,Galpão Logística - Ampliação Fase 1 (Lateral Docas),
Central 2 - Escritório de Logística,1,46,Detector de Fumaça Pontual,Galpão Logística - Ampliação Fase 1 (Lateral Docas),
Central 2 - Escritório de Logística,1,47,Detector de Fumaça Pontual,Galpão Logística - Ampliação Fase 1 (Lateral Docas),
Central 2 - Escritório de Logística,1,48,Detector de Fumaça Pontual,Galpão Logística - Ampliação Fase 1 (Lateral Docas),
Central 2 - Escritório de Logística,1,49,Detector de Fumaça Pontual,Galpão Logística - Ampliação Fase 1 (Lateral Docas),
Central 2 - Escritório de Logística,1,50,Detector de Fumaça Pontual,Galpão Logística - Ampliação Fase 1 (Lateral Docas),
Central 2 - Escritório de Logística,1,51,Detector de Fumaça Pontual,Galpão Logística - Ampliação Fase 1 (Lateral Docas),
Central 2 - Escritório de Logística,1,52,Detector de Fumaça Pontual,Galpão Logística - Ampliação Fase 1 (Lateral Docas),
Central 2 - Escritório de Logística,1,53,Detector de Fumaça Pontual,Galpão Logística - Ampliação Fase 1 (Lateral Docas),
Central 2 - Escritório de Logística,1,54,Detector de Fumaça Pontual,Galpão Logística - Ampliação Fase 1 (Lateral Docas),
Central 2 - Escritório de Logística,1,55,Detector de Fumaça Pontual,Galpão Logística - Ampliação Fase 1 (Lateral Docas),
Central 2 - Escritório de Logística,1,56,Detector de Fumaça Pontual,Sala de Baterias,
Central 2 - Escritório de Logística,1,57,Detector de Fumaça Pontual,Sala de Baterias,
Central 2 - Escritório de Logística,1,58,Detector de Fumaça Pontual,Galpão Logística - Ampliação Fase 2 (Lateral Sala de Baterias),
Central 2 - Escritório de Logística,1,59,Detector de Fumaça Pontual,Galpão Logística - Ampliação Fase 2 (Lateral Sala de Baterias),
Central 2 - Escritório de Logística,1,60,Detector de Fumaça Pontual,Galpão Logística - Ampliação Fase 2 (Lateral Sala de Baterias),
Central 2 - Escritório de Logística,1,61,Detector de Fumaça Pontual,Galpão Logística - Ampliação Fase 2 (Lateral Sala de Baterias),
Central 2 - Escritório de Logística,1,62,Detector de Fumaça Pontual,Galpão Logística - Ampliação Fase 2 (Lateral Sala de Baterias),
Central 2 - Escritório de Logística,1,63,Detector de Fumaça Pontual,Galpão Logística - Ampliação Fase 2 (Lateral Sala de Baterias),
Central 2 - Escritório de Logística,1,64,Detector de Fumaça Pontual,Galpão Logística - Ampliação Fase 2 (Lateral Sala de Baterias),
Central 2 - Escritório de Logística,1,65,Detector de Fumaça Pontual,Galpão Logística - Ampliação Fase 2 (Lateral Sala de Baterias),
Central 2 - Escritório de Logística,1,66,Detector de Fumaça Pontual,Galpão Logística - Ampliação Fase 2 (Lateral Sala de Baterias),
Central 2 - Escritório de Logística,1,67,Detector de Fumaça Pontual,Galpão Logística - Ampliação Fase 2 (Lateral Sala de Baterias),
Central 2 - Escritório de Logística,1,68,Detector de Fumaça Pontual,Galpão Logística - Ampliação Fase 2 (Lateral Sala de Baterias),
Central 2 - Escritório de Logística,1,69,Detector de Fumaça Pontual,Galpão Logística - Ampliação Fase 2 (Lateral Sala de Baterias),
Central 2 - Escritório de Logística,1,70,Detector de Fumaça Pontual,Galpão Logística - Ampliação Fase 2 (Lateral Sala de Baterias),
Central 2 - Escritório de Logística,1,71,Detector de Fumaça Pontual,Galpão Logística - Ampliação Fase 2 (Lateral Sala de Baterias),
Central 2 - Escritório de Logística,1,93,Sirenes,Galpão Logística - Ampliação Fase 1 (Lateral Docas),
Central 2 - Escritório de Logística,1,94,Sirenes,Galpão Logística - Ampliação Fase 1 (Lateral Docas),
Central 2 - Escritório de Logística,1,95,Sirenes,Galpão Logística - Ampliação Fase 1 (Lateral Docas),
Central 2 - Escritório de Logística,1,96,Sirenes,Galpão Logística (Lateral a Paletização),
Central 2 - Escritório de Logística,1,97,Sirenes,Galpão Logística (Lateral a Área Externa),
Central 2 - Escritório de Logística,1,98,Sirenes,Próximo a Sala de Baterias,
Central 2 - Escritório de Logística,1,99,Sirenes,Galpão Logística - Ampliação Fase 2 (Lateral Sala de Baterias),
Central 2 - Escritório de Logística,1,100,Sirenes,Armazém de Paletização Logística,
Central 2 - Escritório de Logística,1,101,Sirenes,Corredor Logística,
Central 2 - Escritório de Logística,1,102,Sirenes,Corredor Logística,
Central 2 - Escritório de Logística,1,103,Sirenes,Oficina Mecânica,
Central 2 - Escritório de Logística,1,104,Sirenes,Sala de Ar Comprimido e Gás Inerte,
Central 2 - Escritório de Logística,1,105,Sirenes,Depósito UHT,
Central 2 - Escritório de Logística,1,106,Sirenes,Produto Químico,
Central 2 - Escritório de Logística,1,107,Sirenes,Galpão Pista,
Central 3 - Fábrica,1,1,Acioandor,Próximo a Central da Fábrica,
Central 3 - Fábrica,1,2,Acionador,Próximo a Sala de Painéis/Trafos da Fábrica,
Central 3 - Fábrica,1,3,Acionador,Armazém de Favas 1,
Central 3 - Fábrica,1,4,Acionador,Armazém de Favas 1,
Central 3 - Fábrica,1,5,Acionador,Armazém de Favas 2,
Central 3 - Fábrica,1,6,Acionador,Armazém de Favas 2,
Central 3 - Fábrica,1,7,Acionador,Externo Armazém de Favas 2,
Central 3 - Fábrica,1,8,Acionador,Externo Armazém de Favas 2,
Central 3 - Fábrica,1,9,Acionador,Separação Cascas Cacau,
Central 3 - Fábrica,1,10,Acionador,Separação Cascas Cacau,
Central 3 - Fábrica,1,11,Acionador,Separação Linha 2,
Central 3 - Fábrica,1,12,Acionador,Torrefação 2,
Central 3 - Fábrica,1,13,Acionador,Torrefação 2,
Central 3 - Fábrica,1,14,Acionador,Torrefação,
Central 3 - Fábrica,1,15,Acionador,Área Branca,
Central 3 - Fábrica,1,16,Acionador,Área Branca,
Central 3 - Fábrica,1,17,Acionador,Moagem 2,
Central 3 - Fábrica,1,18,Acionador,Moagem 2,
Central 3 - Fábrica,1,19,Acionador,Moagem 2,
Central 3 - Fábrica,1,20,Acionador,Laboratório,
Central 3 - Fábrica,1,21,Acionador,Escritório Favas,
Central 3 - Fábrica,1,22,Módulo de Acionamento Detector Linear,Armazém de Favas 1,
Central 3 - Fábrica,1,23,Módulo de Falha Detector Linear,Armazém de Favas 1,
Central 3 - Fábrica,1,24,Módulo de Acionamento Detector Linear,Armazém de Favas 1,
Central 3 - Fábrica,1,25,Módulo de Falha Detector Linear,Armazém de Favas 1,
Central 3 - Fábrica,1,26,Módulo de Acionamento Detector Linear,Armazém de Favas 1,
Central 3 - Fábrica,1,27,Módulo de Falha Detector Linear,Armazém de Favas 1,
Central 3 - Fábrica,1,28,Módulo de Acionamento Detector Linear,Armazém de Favas 1,
Central 3 - Fábrica,1,29,Módulo de Falha Detector Linear,Armazém de Favas 1,
Central 3 - Fábrica,1,30,Módulo de Acionamento Detector Linear,Armazém de Favas 2,
Central 3 - Fábrica,1,31,Módulo de Falha Detector Linear,Armazém de Favas 2,
Central 3 - Fábrica,1,32,Módulo de Acionamento Detector Linear,Armazém de Favas 2,
Central 3 - Fábrica,1,33,Módulo de Falha Detector Linear,Armazém de Favas 2,
Central 3 - Fábrica,1,34,Módulo de Acionamento Detector Linear,Armazém de Favas 2,
Central 3 - Fábrica,1,35,Módulo de Falha Detector Linear,Armazém de Favas 2,
Central 3 - Fábrica,1,36,Módulo de Acionamento Detector Linear,Armazém de Favas 2,
Central 3 - Fábrica,1,37,Módulo de Falha Detector Linear,Armazém de Favas 2,
Central 3 - Fábrica,1,38,Detector de Fumaça Pontual,Sala Externa Favas,
Central 3 - Fábrica,1,39,Detector de Fumaça Pontual,Sala Externa Favas,
Central 3 - Fábrica,1,40,Detector de Fumaça Pontual,Sala Favas,
Central 3 - Fábrica,1,41,Detector de Fumaça Pontual,Separação Linha 2,
Central 3 - Fábrica,1,42,Detector de Fumaça Pontual,Separação Linha 2,
Central 3 - Fábrica,1,43,Detector de Fumaça Pontual,Separação Linha 2,
Central 3 - Fábrica,1,44,Detector de Fumaça Pontual,Separação Linha 2,
Central 3 - Fábrica,1,45,Detector de Fumaça Pontual,Separação Linha 2,
Central 3 - Fábrica,1,46,Detector de Fumaça Pontual,Separação Cascas Cacau,
Central 3 - Fábrica,1,47,Detector de Fumaça Pontual,Separação Cascas Cacau,
Central 3 - Fábrica,1,48,Detector de Fumaça Pontual,Separação Cascas Cacau,
Central 3 - Fábrica,1,49,Detector de Fumaça Pontual,Separação Cascas Cacau,
Central 3 - Fábrica,1,50,Detector de Fumaça Pontual,Torrefação,
Central 3 - Fábrica,1,51,Detector de Fumaça Pontual,Torrefação,
Central 3 - Fábrica,1,52,Detector de Fumaça Pontual,Torrefação,
Central 3 - Fábrica,1,53,Detector de Fumaça Pontual,Torrefação,
Central 3 - Fábrica,1,54,Detector de Fumaça Pontual,Torrefação,
Central 3 - Fábrica,1,55,Detector de Fumaça Pontual,Torrefação 2,
Central 3 - Fábrica,1,56,Detector de Fumaça Pontual,Torrefação 2,
Central 3 - Fábrica,1,57,Detector de Fumaça Pontual,Torrefação 2,
Central 3 - Fábrica,1,58,Detector de Fumaça Pontual,Torrefação 2,
Central 3 - Fábrica,1,59,Detector de Fumaça Pontual,Torrefação 2,
Central 3 - Fábrica,1,60,Detector de Fumaça Pontual,Torrefação 2,
Central 3 - Fábrica,1,61,Detector de Fumaça Pontual,Moagem 2,
Central 3 - Fábrica,1,62,Detector de Fumaça Pontual,Moagem 2,
Central 3 - Fábrica,1,63,Detector de Fumaça Pontual,Moagem 2,
Central 3 - Fábrica,1,64,Detector de Fumaça Pontual,Moagem 2,
Central 3 - Fábrica,1,65,Detector de Fumaça Pontual,Moagem 2,
Central 3 - Fábrica,1,66,Detector de Fumaça Pontual,Moagem 2,
Central 3 - Fábrica,1,67,Detector de Fumaça Pontual,Área Branca,
Central 3 - Fábrica,1,68,Detector de Fumaça Pontual,Área Branca,
Central 3 - Fábrica,1,69,Detector de Fumaça Pontual,Área Branca,
Central 3 - Fábrica,1,70,Detector de Fumaça Pontual,Área Branca,
Central 3 - Fábrica,1,71,Detector de Fumaça Pontual,Área Branca,
Central 3 - Fábrica,1,72,Detector de Fumaça Pontual,Área Branca,
Central 3 - Fábrica,1,73,Detector de Fumaça Pontual,Área Branca,
Central 3 - Fábrica,1,74,Detector de Fumaça Pontual,Área Branca,
Central 3 - Fábrica,1,75,Detector de Fumaça Pontual,Área Branca,
Central 3 - Fábrica,1,76,Detector de Fumaça Pontual,Área Branca,
Central 3 - Fábrica,1,77,Detector de Fumaça Pontual,Área Branca,
Central 3 - Fábrica,1,78,Detector de Fumaça Pontual,Laboratório,
Central 3 - Fábrica,1,79,Detector de Fumaça Pontual,Laboratório,
Central 3 - Fábrica,1,80,Detector de Fumaça Pontual,Laboratório,
Central 3 - Fábrica,1,81,Detector de Fumaça Pontual,Laboratório,
Central 3 - Fábrica,1,82,Detector de Fumaça Pontual,Laboratório,
Central 3 - Fábrica,1,83,Detector de Fumaça Pontual,Laboratório,
Central 3 - Fábrica,1,84,Detector de Fumaça Pontual,Laboratório,
Central 3 - Fábrica,1,85,Detector de Fumaça Pontual,Laboratório,
Central 3 - Fábrica,1,86,Detector de Fumaça Pontual,Laboratório,
Central 3 - Fábrica,1,87,Detector de Fumaça Pontual,Laboratório,
Central 3 - Fábrica,1,88,Detector de Fumaça Pontual,Laboratório,
Central 3 - Fábrica,1,89,Detector de Fumaça Pontual,Sala de Painéis Fábrica,
Central 3 - Fábrica,1,90,Detector de Fumaça Pontual,,
Central 3 - Fábrica,1,91,Detector de Fumaça Pontual,Trafos Fábrica,
Central 3 - Fábrica,1,93,Sirene,Próximo a Central 3 da Fábrica,
Central 3 - Fábrica,1,94,Sirene,Próximo a Sala de Painéis/Trafos da Fábrica,
Central 3 - Fábrica,1,95,Sirene,Armazém de Favas 1,
Central 3 - Fábrica,1,96,Sirene,Armazém de Favas 1,
Central 3 - Fábrica,1,97,Sirene,Armazém de Favas 2,
Central 3 - Fábrica,1,98,Sirene,Armazém de Favas 2,
Central 3 - Fábrica,1,99,Sirene,Externo Armazém de Favas 2,
Central 3 - Fábrica,1,100,Sirene,Externo Armazém de Favas 2,
Central 3 - Fábrica,1,101,Sirene,Separação Cascas Cacau,
Central 3 - Fábrica,1,102,Sirene,Separação Cascas Cacau,
Central 3 - Fábrica,1,103,Sirene,Separação Linha 2,
Central 3 - Fábrica,1,104,Sirene,Torrefação 2,
Central 3 - Fábrica,1,105,Sirene,Torrefação 2,
Central 3 - Fábrica,1,106,Sirene,Torrefação,
Central 3 - Fábrica,1,107,Sirene,Área Branca,
Central 3 - Fábrica,1,108,Sirene,Área Branca,
Central 3 - Fábrica,1,109,Sirene,Moagem 2,
Central 3 - Fábrica,1,110,Sirene,Moagem 2,
Central 3 - Fábrica,1,111,Sirene,Moagem 2,
Central 3 - Fábrica,1,112,Sirene,Laboratório,
Central 3 - Fábrica,1,113,Sirene,Escritório Favas,
Central 3 - Fábrica,2,1,Acionador,Embalagem de Manteiga,
Central 3 - Fábrica,2,2,Acionador,Pulverização Fase II,
Central 3 - Fábrica,2,3,Acionador,Pulverização,
Central 3 - Fábrica,2,4,Acionador,Prensa 2,
Central 3 - Fábrica,2,5,Acionador,Prensa 2,
Central 3 - Fábrica,2,6,Acionador,Prensa 3-4-5,
Central 3 - Fábrica,2,7,Acionador,Prensa 3-4-5,
Central 3 - Fábrica,2,8,Acionador,Sala de Utilidades,
Central 3 - Fábrica,2,9,Acionador,Pulverização Linha 2,
Central 3 - Fábrica,2,10,Acionador,Paletização Produto Acabado,
Central 3 - Fábrica,2,11,Acionador,Paletização Produto Acabado,
Central 3 - Fábrica,2,12,Acionador,Armazém de Produto acabado,
Central 3 - Fábrica,2,13,Acionador,Armazém de Produto acabado,
Central 3 - Fábrica,2,14,Acionador,Armazém de Produto acabado,
Central 3 - Fábrica,2,15,Módulo de Acionamento Detector Linear,Paletização Produto Acabado,
Central 3 - Fábrica,2,16,Módulo de Falha Detector Linear,Paletização Produto Acabado,
Central 3 - Fábrica,2,17,Módulo de Acionamento Detector Linear,Paletização Produto Acabado,
Central 3 - Fábrica,2,18,Módulo de Falha Detector Linear,Paletização Produto Acabado,
Central 3 - Fábrica,2,19,Módulo de Acionamento Detector Linear,Paletização Produto Acabado,
Central 3 - Fábrica,2,20,Módulo de Falha Detector Linear,Paletização Produto Acabado,
Central 3 - Fábrica,2,21,Módulo de Acionamento Detector Linear,Paletização Produto Acabado,
Central 3 - Fábrica,2,22,Módulo de Falha Detector Linear,Paletização Produto Acabado,
Central 3 - Fábrica,2,23,Módulo de Acionamento Detector Linear,Paletização Produto Acabado,
Central 3 - Fábrica,2,24,Módulo de Falha Detector Linear,Paletização Produto Acabado,
Central 3 - Fábrica,2,25,Módulo de Acionamento Detector Linear,Paletização Produto Acabado,
Central 3 - Fábrica,2,26,Módulo de Falha Detector Linear,Paletização Produto Acabado,
Central 3 - Fábrica,2,27,Módulo de Acionamento Detector Linear,Armazém Produto Acabado,
Central 3 - Fábrica,2,28,Módulo de Falha Detector Linear,Armazém Produto Acabado,
Central 3 - Fábrica,2,29,Módulo de Acionamento Detector Linear,Armazém Produto Acabado,
Central 3 - Fábrica,2,30,Módulo de Falha Detector Linear,Armazém Produto Acabado,
Central 3 - Fábrica,2,31,Módulo de Acionamento Detector Linear,Armazém Produto Acabado,
Central 3 - Fábrica,2,32,Módulo de Falha Detector Linear,Armazém Produto Acabado,
Central 3 - Fábrica,2,33,Módulo de Acionamento Detector Linear,Armazém Produto Acabado,
Central 3 - Fábrica,2,34,Módulo de Falha Detector Linear,Armazém Produto Acabado,
Central 3 - Fábrica,2,35,Módulo de Acionamento Detector Linear,Armazém Produto Acabado,
Central 3 - Fábrica,2,36,Módulo de Falha Detector Linear,Armazém Produto Acabado,
Central 3 - Fábrica,2,37,Módulo de Acionamento Detector Linear,Armazém Produto Acabado,
Central 3 - Fábrica,2,38,Módulo de Falha Detector Linear,Armazém Produto Acabado,
Central 3 - Fábrica,2,39,Detector de Fumaça Pontual,Embalagem Manteiga,
Central 3 - Fábrica,2,40,Detector de Fumaça Pontual,Embalagem Manteiga,
Central 3 - Fábrica,2,41,Detector de Fumaça Pontual,Embalagem Manteiga,
Central 3 - Fábrica,2,42,Detector de Fumaça Pontual,Pulverização Fase 2,
Central 3 - Fábrica,2,43,Detector de Fumaça Pontual,Pulverização Fase 2,
Central 3 - Fábrica,2,44,Detector de Fumaça Pontual,Pulverização Fase 2,
Central 3 - Fábrica,2,45,Detector de Fumaça Pontual,Pulverização Fase 2,
Central 3 - Fábrica,2,46,Detector de Fumaça Pontual,Pulverização Fase 2,
Central 3 - Fábrica,2,47,Detector de Fumaça Pontual,Pulverização 1,
Central 3 - Fábrica,2,48,Detector de Fumaça Pontual,Pulverização 1,
Central 3 - Fábrica,2,49,Detector de Fumaça Pontual,Próximo a Prensa 3,
Central 3 - Fábrica,2,50,Detector de Fumaça Pontual,Próximo a Prensa 3,
Central 3 - Fábrica,2,51,Detector de Fumaça Pontual,Prensa 3,
Central 3 - Fábrica,2,52,Detector de Fumaça Pontual,Prensa 3,
Central 3 - Fábrica,2,53,Detector de Fumaça Pontual,Prensa 3,
Central 3 - Fábrica,2,54,Detector de Fumaça Pontual,Prensa 3-4-5,
Central 3 - Fábrica,2,55,Detector de Fumaça Pontual,Prensa 3-4-5,
Central 3 - Fábrica,2,56,Detector de Fumaça Pontual,Prensa 3-4-5,
Central 3 - Fábrica,2,57,Detector de Fumaça Pontual,Prensa 3-4-5,
Central 3 - Fábrica,2,58,Detector de Fumaça Pontual,Prensa 3-4-5,
Central 3 - Fábrica,2,59,Detector de Fumaça Pontual,Prensa 3-4-5,
Central 3 - Fábrica,2,60,Detector de Fumaça Pontual,Prensa 3-4-5,
Central 3 - Fábrica,2,61,Detector de Fumaça Pontual,Prensa 3-4-5,
Central 3 - Fábrica,2,62,Detector de Fumaça Pontual,Prensa 3-4-5,
Central 3 - Fábrica,2,63,Detector de Fumaça Pontual,Sala de Utilidades,
Central 3 - Fábrica,2,64,Detector de Fumaça Pontual,Sala de Utilidades,
Central 3 - Fábrica,2,65,Detector de Fumaça Pontual,Sala de Utilidades,
Central 3 - Fábrica,2,66,Detector de Fumaça Pontual,Sala de Utilidades,
Central 3 - Fábrica,2,67,Detector de Fumaça Pontual,Pulverização Linha 3 ,
Central 3 - Fábrica,2,68,Detector de Fumaça Pontual,Pulverização Linha 3 ,
Central 3 - Fábrica,2,69,Detector de Fumaça Pontual,Pulverização Linha 3 ,
Central 3 - Fábrica,2,70,Detector de Fumaça Pontual,Pulverização Linha 3 ,
Central 3 - Fábrica,2,71,Detector de Fumaça Pontual,Pulverização Linha 3 ,
Central 3 - Fábrica,2,72,Detector de Fumaça Pontual,Pulverização Linha 3 ,
Central 3 - Fábrica,2,73,Detector de Fumaça Pontual,Pulverização Linha 3 ,
Central 3 - Fábrica,2,74,Detector de Fumaça Pontual,Pulverização Linha 3 ,
Central 3 - Fábrica,2,75,Detector de Fumaça Pontual,Salas Almoxarifado,
Central 3 - Fábrica,2,76,Detector de Fumaça Pontual,Salas Almoxarifado,
Central 3 - Fábrica,2,77,Detector de Fumaça Pontual,Salas Almoxarifado,
Central 3 - Fábrica,2,78,Detector de Fumaça Pontual,Salas Almoxarifado,
Central 3 - Fábrica,2,79,Detector de Fumaça Pontual,Salas Almoxarifado,
Central 3 - Fábrica,2,80,Detector de Fumaça Pontual,Salas Almoxarifado,
Central 3 - Fábrica,2,81,Detector de Fumaça Pontual,Salas Almoxarifado,
Central 3 - Fábrica,2,82,Detector de Fumaça Pontual,Salas Almoxarifado,
Central 3 - Fábrica,2,83,Detector de Fumaça Pontual,Salas Almoxarifado,
Central 3 - Fábrica,2,84,Detector de Fumaça Pontual,Salas Almoxarifado,
Central 3 - Fábrica,2,85,Detector de Fumaça Pontual,Salas Almoxarifado,
Central 3 - Fábrica,2,86,Detector de Fumaça Pontual,Lubrificantes e Inflamáveis,
Central 3 - Fábrica,2,87,Detector de Fumaça Pontual,Depósito Químicos,
Central 3 - Fábrica,3,1,Detector de Fumaça Pontual,Mezanino - Armazém de Favas - Linha 2 - Nivel 1,
Central 3 - Fábrica,3,2,Detector de Fumaça Pontual,Mezanino - Limpeza de Favas,
Central 3 - Fábrica,3,3,Detector de Fumaça Pontual,Mezanino - Tratamento de Cascas - Nivel 2,
Central 3 - Fábrica,3,4,Detector de Fumaça Pontual,Mezanino - Separação Cascas de Cacau,
Central 3 - Fábrica,3,5,Detector de Fumaça Pontual,Mezanino - Separação Cascas de Cacau,
Central 3 - Fábrica,3,6,Detector de Fumaça Pontual,Mezanino - Separação Cascas de Cacau,
Central 3 - Fábrica,3,7,Detector de Fumaça Pontual,Mezanino - Separação Linha 2,
Central 3 - Fábrica,3,8,Detector de Fumaça Pontual,Mezanino - Separação Linha 3,
Central 3 - Fábrica,3,9,Detector de Fumaça Pontual,Mezanino - Separação Linha 4,
Central 3 - Fábrica,3,10,Detector de Fumaça Pontual,Mezanino - Separação Cascas de Cacau - Nivel 2,
Central 3 - Fábrica,3,11,Detector de Fumaça Pontual,Mezanino - Separação Cascas de Cacau - Nivel 2,
Central 3 - Fábrica,3,12,Detector de Fumaça Pontual,Mezanino - Separação Cascas de Cacau - Nivel 3,
Central 3 - Fábrica,3,13,Detector de Fumaça Pontual,Mezanino - Separação Cascas de Cacau - Nivel 3,
Central 3 - Fábrica,3,14,Detector de Fumaça Pontual,Mezanino - Separação Cascas de Cacau - Nivel 3,
Central 3 - Fábrica,3,15,Detector de Fumaça Pontual,Mezanino - Separação Cascas de Cacau - Nivel 4,
Central 3 - Fábrica,3,16,Detector de Fumaça Pontual,Mezanino - Torrefação,
Central 3 - Fábrica,3,17,Detector de Fumaça Pontual,Mezanino - Torrefação,
Central 3 - Fábrica,3,18,Detector de Fumaça Pontual,Mezanino - Torrefação,
Central 3 - Fábrica,3,19,Detector de Fumaça Pontual,Mezanino - Torrefação,
Central 3 - Fábrica,3,20,Detector de Fumaça Pontual,Mezanino - Torrefação,
Central 3 - Fábrica,3,21,Detector de Fumaça Pontual,Mezanino - Torrefação PV 2,
Central 3 - Fábrica,3,22,Detector de Fumaça Pontual,Mezanino - Torrefação 2,
Central 3 - Fábrica,3,23,Detector de Fumaça Pontual,Mezanino - Torrefação 2,
Central 3 - Fábrica,3,24,Detector de Fumaça Pontual,Mezanino - Sala de Painéis Torrefação,
Central 3 - Fábrica,3,25,Detector de Fumaça Pontual,Mezanino - Área de Prensa,
Central 3 - Fábrica,3,26,Detector de Fumaça Pontual,Mezanino - Área de Prensa,
Central 3 - Fábrica,3,27,Detector de Fumaça Pontual,Mezanino - Moagem 2,
Central 3 - Fábrica,3,28,Detector de Fumaça Pontual,Mezanino - Moagem 2,
Central 3 - Fábrica,3,29,Detector de Fumaça Pontual,Mezanino - Moagem 2,
Central 3 - Fábrica,3,30,Detector de Fumaça Pontual,Mezanino - Moagem 2,
Central 3 - Fábrica,3,31,Detector de Fumaça Pontual,Mezanino - Sala Administrativa,
Central 3 - Fábrica,3,32,Detector de Fumaça Pontual,Mezanino - Sala Administrativa,
Central 3 - Fábrica,3,33,Detector de Fumaça Pontual,Mezanino - Sala Administrativa,
Central 3 - Fábrica,3,34,Detector de Fumaça Pontual,Mezanino - Sala Administrativa,
Central 3 - Fábrica,3,35,Detector de Fumaça Pontual,Mezanino - Embalagem Manteiga,
Central 3 - Fábrica,3,36,Detector de Fumaça Pontual,Mezanino - Embalagem Manteiga,
Central 3 - Fábrica,3,37,Detector de Fumaça Pontual,Mezanino - Saída de Paletes,
Central 3 - Fábrica,3,38,Detector de Fumaça Pontual,Mezanino - Mixers,
Central 3 - Fábrica,3,39,Detector de Fumaça Pontual,Mezanino - Mixers,
Central 3 - Fábrica,3,40,Detector de Fumaça Pontual,Mezanino - Mixers,
Central 3 - Fábrica,3,41,Detector de Fumaça Pontual,Mezanino - Prensa 3,
Central 3 - Fábrica,3,42,Detector de Fumaça Pontual,Mezanino - Prensa 3,
Central 3 - Fábrica,3,43,Detector de Fumaça Pontual,Mezanino - Sala de Paineis Pulverização,
Central 3 - Fábrica,3,44,Detector de Fumaça Pontual,Mezanino - Pulverização Linha 3,
Central 3 - Fábrica,3,45,Detector de Fumaça Pontual,Mezanino - Pulverização Linha 3,
Central 3 - Fábrica,3,46,Detector de Fumaça Pontual,Mezanino - Sala de Utilidades,
Central 3 - Fábrica,3,47,Detector de Fumaça Pontual,Mezanino - Sala de Utilidades,
Central 3 - Fábrica,3,48,Detector de Fumaça Pontual,Mezanino - Pulverização FaII - Nivel 2,
Central 3 - Fábrica,3,49,Detector de Fumaça Pontual,Mezanino - Pulverização FaII - Nivel 2,
Central 3 - Fábrica,3,50,Detector de Fumaça Pontual,Mezanino - Pulverização Fase II - PV 1,
Central 3 - Fábrica,3,51,Detector de Fumaça Pontual,Mezanino - Pulverização Fase II - PV 1,
Central 3 - Fábrica,3,52,Detector de Fumaça Pontual,Mezanino - Pulverização Nivel 2,
Central 3 - Fábrica,3,53,Detector de Fumaça Pontual,Mezanino - Pulverização PV 1,
Central 3 - Fábrica,3,54,Detector de Fumaça Pontual,Mezanino - Pulverização PV 1,
Central 3 - Fábrica,3,55,Detector de Fumaça Pontual,Mezanino - Pulverização Linha 3 - Nivel 2,
Central 3 - Fábrica,3,56,Detector de Fumaça Pontual,Mezanino - Pulverização Linha 3 - Nivel 2,
Central 3 - Fábrica,3,57,Detector de Fumaça Pontual,Mezanino - Pulverização Linha 3 - Nivel 2,
Central 3 - Fábrica,3,58,Detector de Fumaça Pontual,Mezanino - Pulverização Linha 3 - Nivel 3,
Central 3 - Fábrica,3,59,Detector de Fumaça Pontual,Mezanino - Pulverização Linha 3 - Nivel 3,
Central 3 - Fábrica,3,60,Detector de Fumaça Pontual,Mezanino - Torrefação Nivel 2,
Central 3 - Fábrica,3,61,Detector de Fumaça Pontual,Mezanino - Torrefação Nivel 2,
Central 3 - Fábrica,3,62,Detector de Fumaça Pontual,Mezanino - Torrefação 2 - Nivel 2,
Central 3 - Fábrica,3,63,Detector de Fumaça Pontual,Mezanino - Torrefação 2 - Nivel 2,
Central 3 - Fábrica,3,64,Detector de Fumaça Pontual,Mezanino - Torrefação 2 - Nivel 3,
Central 3 - Fábrica,3,65,Detector de Fumaça Pontual,Mezanino - Torrefação 2- Nivel 4,
Central 3 - Fábrica,3,66,Detector de Fumaça Pontual,Mezanino - Linha de Separação -  Nivel 2,
Central 3 - Fábrica,3,67,Detector de Fumaça Pontual,Mezanino - Linha de Separação -  Nivel 2,
Central 3 - Fábrica,3,68,Detector de Fumaça Pontual,Mezanino - Linha 2 - Nivel 2,
Central 3 - Fábrica,3,69,Detector de Fumaça Pontual,Mezanino - Linha 2 - Nivel 3,
Central 3 - Fábrica,3,70,Detector de Fumaça Pontual,Mezanino - Mixers - Nivel - 2-3,
Central 3 - Fábrica,3,71,Detector de Fumaça Pontual,Mezanino - Mixers - Nivel - 2-3,
Central 4 - Caldeira,1,1,Acionador,Caldeira,
Central 4 - Caldeira,1,2,Acionador,Caldeira,
Central 4 - Caldeira,1,3,Acionador,Caldeira,
Central 4 - Caldeira,1,4,Acionador,Caldeira,
Central 4 - Caldeira,1,5,Acionador,Caldeira - 1PV,
Central 4 - Caldeira,1,6,Detector de Fumaça Pontual,Caldeira,
Central 4 - Caldeira,1,7,Detector de Fumaça Pontual,Caldeira,
Central 4 - Caldeira,1,8,Detector de Fumaça Pontual,Caldeira,
Central 4 - Caldeira,1,9,Detector de Fumaça Pontual,Caldeira,
Central 4 - Caldeira,1,10,Detector de Fumaça Pontual,Caldeira,
Central 4 - Caldeira,1,11,Detector de Fumaça Pontual,Caldeira,
Central 4 - Caldeira,1,12,Detector de Fumaça Pontual,Caldeira,
Central 4 - Caldeira,1,13,Detector de Fumaça Pontual,Caldeira,
Central 4 - Caldeira,1,14,Detector de Fumaça Pontual,Caldeira,
Central 4 - Caldeira,1,15,Detector de Fumaça Pontual,Caldeira,
Central 4 - Caldeira,1,16,Detector de Fumaça Pontual,Caldeira,
Central 4 - Caldeira,1,17,Detector de Fumaça Pontual,Caldeira,
Central 4 - Caldeira,1,18,Detector de Fumaça Pontual,Caldeira,
Central 4 - Caldeira,1,19,Detector de Fumaça Pontual,Caldeira - 1PV,
Central 4 - Caldeira,1,20,Detector de Fumaça Pontual,Caldeira - 1PV,
Central 4 - Caldeira,1,21,Detector de Fumaça Pontual,Caldeira - 1PV,
Central 4 - Caldeira,1,22,Detector de Fumaça Pontual,Caldeira - Nivel 2,
Central 4 - Caldeira,1,93,Sirenes,Caldeira,
Central 4 - Caldeira,1,94,Sirenes,Caldeira,
Central 4 - Caldeira,1,95,Sirenes,Caldeira,
Central 4 - Caldeira,1,96,Sirenes,Caldeira,
Central 4 - Caldeira,1,97,Sirenes,Caldeira - 1PV,
,,,,,
,,,,,
,,,,,
,,,,,
,,,,,
,,,,,
,,,,,
,,,,,
,,,,,
,,,,,
,,,,,
,,,,,
,,,,,
,,,,,
,,,,,
,,,,,
,,,,,
,,,,,
,,,,,
,,,,,
,,,,,
,,,,,
,,,,,
,,,,,
,,,,,
,,,,,
,,,,,
,,,,,
,,,,,
,,,,,
,,,,,
,,,,,
,,,,,
,,,,,
,,,,,
,,,,,
,,,,,
,,,,,
,,,,,
,,,,,
,,,,,
,,,,,
,,,,,
,,,,,
,,,,,
,,,,,
,,,,,
,,,,,
,,,,,
,,,,,
,,,,,
,,,,,
,,,,,
,,,,,
,,,,,
,,,,,
,,,,,
,,,,,
,,,,,
,,,,,
,,,,,
,,,,,
,,,,,
,,,,,
,,,,,
,,,,,
,,,,,
,,,,,
,,,,,
,,,,,
,,,,,
,,,,,
,,,,,
,,,,,
,,,,,
,,,,,
,,,,,
,,,,,
,,,,,
,,,,,
,,,,,
,,,,,
,,,,,
,,,,,
,,,,,
,,,,,
,,,,,
,,,,,
,,,,,
,,,,,
,,,,,
,,,,,
,,,,,
,,,,,
,,,,,
,,,,,
,,,,,
,,,,,
,,,,,
,,,,,
,,,,,
,,,,,
,,,,,
,,,,,
,,,,,
,,,,,
,,,,,
,,,,,
,,,,,
,,,,,
,,,,,
,,,,,
,,,,,
,,,,,
,,,,,
,,,,,
,,,,,
,,,,,
,,,,,
,,,,,
,,,,,
,,,,,
,,,,,
,,,,,
,,,,,
,,,,,
,,,,,
,,,,,
,,,,,
,,,,,
,,,,,
,,,,,
,,,,,
,,,,,
,,,,,
,,,,,
,,,,,
,,,,,
,,,,,
,,,,,
,,,,,
,,,,,
,,,,,
,,,,,
,,,,,
,,,,,
,,,,,
,,,,,
,,,,,
,,,,,
,,,,,
,,,,,
,,,,,
,,,,,
,,,,,
,,,,,
,,,,,
,,,,,
,,,,,
,,,,,
,,,,,
,,,,,
,,,,,
,,,,,
,,,,,
,,,,,
,,,,,
,,,,,
,,,,,
,,,,,
,,,,,
,,,,,
,,,,,
,,,,,
,,,,,
,,,,,
,,,,,
,,,,,
,,,,,
,,,,,
,,,,,
,,,,,
,,,,,
,,,,,
,,,,,
,,,,,
,,,,,
,,,,,
,,,,,
,,,,,
,,,,,
,,,,,
,,,,,
,,,,,
,,,,,
,,,,,
,,,,,
,,,,,
,,,,,
,,,,,
,,,,,
,,,,,
,,,,,
,,,,,
,,,,,
,,,,,
,,,,,
,,,,,
,,,,,
,,,,,
,,,,,
,,,,,
,,,,,
,,,,,
,,,,,
,,,,,
,,,,,
,,,,,
,,,,,
,,,,,
,,,,,
,,,,,
,,,,,
,,,,,
,,,,,
,,,,,
,,,,,
,,,,,
,,,,,
,,,,,
,,,,,
,,,,,
,,,,,
,,,,,
,,,,,
,,,,,
,,,,,
,,,,,
,,,,,
,,,,,
,,,,,
,,,,,
,,,,,
,,,,,
,,,,,
,,,,,
,,,,,
,,,,,
,,,,,
,,,,,
,,,,,
,,,,,
,,,,,
,,,,,
,,,,,
,,,,,
,,,,,
,,,,,
,,,,,
,,,,,
,,,,,
,,,,,
,,,,,
,,,,,
,,,,,
,,,,,
,,,,,
,,,,,
,,,,,
,,,,,
,,,,,
,,,,,
,,,,,
,,,,,
,,,,,
,,,,,
,,,,,
,,,,,
,,,,,
,,,,,
,,,,,
,,,,,
,,,,,
,,,,,
,,,,,
,,,,,
,,,,,
,,,,,
,,,,,
,,,,,
,,,,,
,,,,,
,,,,,
,,,,,
,,,,,
,,,,,
,,,,,
,,,,,
,,,,,
,,,,,
,,,,,
,,,,,
,,,,,
,,,,,
,,,,,
,,,,,
,,,,,
,,,,,
,,,,,
,,,,,
,,,,,
,,,,,
,,,,,
,,,,,
,,,,,
,,,,,
,,,,,
,,,,,
,,,,,
,,,,,
,,,,,
,,,,,
,,,,,
,,,,,
,,,,,
,,,,,
,,,,,
,,,,,
,,,,,
,,,,,
,,,,,
,,,,,
,,,,,
,,,,,
,,,,,
,,,,,
,,,,,
,,,,,
,,,,,
,,,,,
,,,,,
,,,,,
,,,,,
,,,,,
,,,,,
,,,,,
,,,,,
,,,,,
,,,,,
,,,,,
,,,,,
,,,,,
,,,,,
,,,,,
,,,,,
,,,,,
,,,,,
,,,,,
,,,,,
,,,,,
,,,,,
,,,,,
,,,,,
,,,,,
,,,,,
,,,,,
,,,,,
,,,,,
,,,,,
,,,,,
,,,,,
,,,,,
,,,,,
,,,,,
,,,,,
,,,,,
,,,,,
,,,,,
,,,,,
,,,,,
,,,,,
,,,,,
,,,,,
,,,,,
,,,,,
,,,,,
,,,,,
,,,,,
,,,,,
,,,,,
,,,,,
,,,,,
,,,,,
,,,,,
,,,,,
,,,,,
,,,,,
,,,,,
,,,,,
,,,,,
,,,,,
,,,,,
,,,,,
,,,,,
,,,,,
,,,,,
,,,,,
,,,,,
,,,,,
,,,,,
,,,,,
,,,,,
,,,,,
,,,,,
,,,,,
,,,,,
,,,,,
,,,,,
,,,,,
,,,,,
,,,,,
,,,,,
,,,,,
,,,,,
,,,,,
,,,,,
,,,,,
,,,,,
,,,,,
,,,,,
,,,,,
,,,,,
,,,,,
,,,,,
,,,,,
,,,,,
,,,,,
,,,,,
,,,,,
,,,,,
,,,,,
,,,,,
,,,,,
,,,,,
,,,,,
,,,,,
,,,,,
,,,,,
,,,,,
,,,,,
,,,,,
,,,,,
,,,,,
,,,,,
,,,,,
,,,,,
,,,,,
,,,,,
,,,,,
,,,,,
,,,,,
,,,,,
,,,,,
,,,,,
,,,,,
,,,,,
,,,,,
,,,,,
,,,,,
,,,,,
,,,,,
,,,,,
,,,,,
,,,,,
,,,,,
,,,,,
,,,,,
,,,,,
,,,,,
,,,,,
,,,,,
,,,,,
,,,,,
,,,,,
,,,,,
,,,,,
,,,,,
,,,,,
,,,,,
,,,,,
,,,,,
,,,,,
,,,,,
,,,,,
,,,,,
,,,,,
,,,,,
,,,,,
,,,,,
,,,,,
,,,,,
,,,,,
,,,,,
,,,,,
,,,,,
,,,,,
,,,,,
,,,,,
,,,,,
,,,,,
,,,,,
,,,,,
,,,,,
,,,,,
,,,,,
,,,,,
,,,,,
,,,,,
,,,,,
,,,,,
,,,,,
,,,,,
,,,,,
,,,,,
,,,,,
,,,,,
,,,,,
,,,,,
,,,,,
,,,,,
,,,,,
,,,,,
,,,,,
,,,,,
,,,,,
,,,,,
,,,,,
,,,,,
,,,,,
,,,,,
,,,,,
,,,,,
,,,,,
,,,,,
,,,,,
,,,,,
,,,,,
,,,,,
,,,,,
,,,,,
,,,,,
,,,,,
,,,,,
,,,,,
,,,,,
,,,,,
,,,,,
,,,,,
,,,,,
,,,,,
,,,,,
,,,,,
,,,,,
,,,,,
,,,,,
,,,,,
,,,,,
,,,,,
,,,,,
,,,,,
,,,,,
,,,,,
,,,,,
,,,,,
,,,,,
,,,,,
,,,,,
,,,,,
,,,,,
,,,,,
,,,,,
,,,,,
,,,,,
,,,,,
,,,,,
,,,,,
,,,,,
,,,,,
,,,,,
,,,,,
,,,,,
,,,,,
,,,,,
,,,,,
,,,,,
,,,,,
,,,,,
,,,,,
,,,,,
,,,,,
,,,,,
,,,,,
,,,,,
,,,,,
,,,,,
,,,,,
,,,,,
,,,,,
,,,,,
,,,,,
,,,,,
,,,,,
,,,,,
,,,,,
,,,,,
,,,,,
,,,,,
,,,,,
,,,,,
,,,,,
,,,,,
,,,,,
,,,,,
,,,,,
,,,,,
,,,,,
,,,,,
,,,,,
,,,,,
,,,,,
,,,,,
,,,,,
,,,,,
,,,,,
,,,,,
,,,,,
,,,,,
,,,,,
,,,,,
,,,,,
,,,,,
,,,,,
,,,,,
,,,,,
,,,,,
,,,,,
,,,,,
,,,,,
,,,,,
,,,,,
,,,,,
,,,,,
,,,,,
,,,,,
,,,,,
,,,,,
,,,,,
,,,,,
,,,,,
